State,Date,New Cases,7-Day Moving Avg,New COVID-19 Hospital Admissions,Historic Cases
United States,Oct 18 2021,51249,75571,null,23
United States,Oct 17 2021,46972,77333,6152.57,76
United States,Oct 16 2021,61960,79715,6261.57,825
United States,Oct 15 2021,89307,81406,6367.57,806
United States,Oct 14 2021,94376,83899,6436.29,498
United States,Oct 13 2021,97971,85950,6566.14,732
United States,Oct 12 2021,87167,87471,6688.86,649
United States,Oct 11 2021,63583,89957,6786.14,84
United States,Oct 10 2021,63641,91543,6875.57,161
United States,Oct 9 2021,73797,93118,6952.43,648
United States,Oct 8 2021,106763,94587,7025,544
United States,Oct 7 2021,108728,96051,7142.57,793
United States,Oct 6 2021,108618,97569,7218.71,10536
United States,Oct 5 2021,104575,98656,7302.43,238
United States,Oct 4 2021,74684,100158,7442.43,29
United States,Oct 3 2021,74664,102166,7562.43,207
United States,Oct 2 2021,84082,103351,7693.57,493
United States,Oct 1 2021,117008,105453,7848.57,1428
United States,Sep 30 2021,119356,107296,7997.71,1427
United States,Sep 29 2021,116223,108855,8181.57,1354
United States,Sep 28 2021,115091,110513,8379,1069
United States,Sep 27 2021,88740,112833,8556.14,613
United States,Sep 26 2021,82962,113165,8739.43,239
United States,Sep 25 2021,98795,114174,8931.43,646
United States,Sep 24 2021,129905,116802,9149.86,781
United States,Sep 23 2021,130270,119979,9351.86,1466
United States,Sep 22 2021,127834,124418,9595.71,445
United States,Sep 21 2021,131328,129491,9786.29,624
United States,Sep 20 2021,91066,133647,9980.71,33
United States,Sep 19 2021,90020,136753,10199,87
United States,Sep 18 2021,117191,138885,10384.43,575
United States,Sep 17 2021,152150,142018,10574.14,531
United States,Sep 16 2021,161338,144797,10791.29,540
United States,Sep 15 2021,163347,149088,10985.43,916
United States,Sep 14 2021,160421,151670,11207.14,660
United States,Sep 13 2021,112808,144355,11244.86,164
United States,Sep 12 2021,104943,142317,11352.14,79
United States,Sep 11 2021,139122,143361,11480.71,527
United States,Sep 10 2021,171606,144053,11597.71,349
United States,Sep 9 2021,191372,145855,11622.57,404
United States,Sep 8 2021,181424,144654,11690.57,1347
United States,Sep 7 2021,109214,146196,11767.57,90
United States,Sep 6 2021,98544,156440,11970.86,404
United States,Sep 5 2021,112251,160412,12030,277
United States,Sep 4 2021,143962,160545,12060.57,417
United States,Sep 3 2021,184219,161140,12079.14,388
United States,Sep 2 2021,182964,161055,12185,401
United States,Sep 1 2021,192220,161716,12216.14,323
United States,Aug 31 2021,180920,161532,12166,504
United States,Aug 30 2021,126354,160707,12184.57,83
United States,Aug 29 2021,113179,159842,12212.71,179
United States,Aug 28 2021,148130,160719,12267,361
United States,Aug 27 2021,183620,160182,12294.29,201
United States,Aug 26 2021,187592,157877,12278.86,253
United States,Aug 25 2021,190935,155193,12232.86,257
United States,Aug 24 2021,175141,153278,12249.57,367
United States,Aug 23 2021,120298,151114,12209.86,69
United States,Aug 22 2021,119321,149944,12147.57,70
United States,Aug 21 2021,144371,148370,12015.57,376
United States,Aug 20 2021,167486,147565,11916.29,1934
United States,Aug 19 2021,168799,145046,11818.71,204
United States,Aug 18 2021,177536,143405,11714.14,1040
United States,Aug 17 2021,159988,140127,11552.29,250
United States,Aug 16 2021,112112,137729,11372.71,130
United States,Aug 15 2021,108299,135468,11225,74
United States,Aug 14 2021,138736,133469,11095,167
United States,Aug 13 2021,149856,131116,10872.86,97
United States,Aug 12 2021,157308,127808,10623.71,266
United States,Aug 11 2021,154595,124187,10323.71,270
United States,Aug 10 2021,143197,120769,10015.86,183
United States,Aug 9 2021,96285,117099,9716.86,82
United States,Aug 8 2021,94309,114998,9402.43,42
United States,Aug 7 2021,122262,112197,9073.86,99
United States,Aug 6 2021,126706,108049,8774.71,7773
United States,Aug 5 2021,131957,105386,8464.29,234
United States,Aug 4 2021,130672,100918,8098.43,333
United States,Aug 3 2021,117505,95992,7758,322
United States,Aug 2 2021,81579,91726,7394.57,25
United States,Aug 1 2021,74699,88373,7104.71,44
United States,Jul 31 2021,93228,85127,6817.71,164
United States,Jul 30 2021,108064,80604,6473.14,334
United States,Jul 29 2021,100683,75200,6107,229
United States,Jul 28 2021,96190,71005,5832,120
United States,Jul 27 2021,87642,66645,5508.57,142
United States,Jul 26 2021,58108,61742,5209.43,36
United States,Jul 25 2021,51975,58820,4943.57,28
United States,Jul 24 2021,61568,56383,4691,122
United States,Jul 23 2021,70240,52998,4439.29,345
United States,Jul 22 2021,71312,49242,4205.57,283
United States,Jul 21 2021,65672,45179,3954.86,184
United States,Jul 20 2021,53320,41685,3741.14,136
United States,Jul 19 2021,37656,39196,3543.57,266
United States,Jul 18 2021,34914,37309,3379.71,45
United States,Jul 17 2021,37872,35272,3240.43,71
United States,Jul 16 2021,43950,33347,3100.29,42
United States,Jul 15 2021,42872,31255,2965.71,112
United States,Jul 14 2021,41216,29514,2839.86,106
United States,Jul 13 2021,35896,27150,2754.29,0
United States,Jul 12 2021,24449,24437,2611.71,0
United States,Jul 11 2021,20650,22537,2498.14,0
United States,Jul 10 2021,24397,21372,2400.86,0
United States,Jul 9 2021,29311,20071,2303.86,0
United States,Jul 8 2021,30682,18364,2242.71,0
United States,Jul 7 2021,24671,16689,2169.14,0
United States,Jul 6 2021,16903,15722,2096.14,0
United States,Jul 5 2021,11151,15662,2065.43,0
United States,Jul 4 2021,12489,15623,2038.86,4
United States,Jul 3 2021,15296,15212,2010.86,0
United States,Jul 2 2021,17358,14864,1980.14,0
United States,Jul 1 2021,18960,14432,1917,0
United States,Jun 30 2021,17899,13925,1902.29,0
United States,Jun 29 2021,16481,13431,1877.14,0
United States,Jun 28 2021,10878,13065,1866.86,0
United States,Jun 27 2021,9615,12728,1845.14,0
United States,Jun 26 2021,12863,12624,1831.86,0
United States,Jun 25 2021,14328,12528,1823.71,0
United States,Jun 24 2021,15415,12156,1847.43,0
United States,Jun 23 2021,14440,11875,1842,0
United States,Jun 22 2021,13919,11745,1852.71,0
United States,Jun 21 2021,8518,11634,1848.57,0
United States,Jun 20 2021,8887,11616,1869.57,0
United States,Jun 19 2021,12194,11550,1899.71,0
United States,Jun 18 2021,11723,11518,1924,0
United States,Jun 17 2021,13445,11805,1943.86,0
United States,Jun 16 2021,13532,12204,1979.86,0
United States,Jun 15 2021,13139,13012,2003.43,0
United States,Jun 14 2021,8392,13191,2049.57,0
United States,Jun 13 2021,8426,13451,2066.14,0
United States,Jun 12 2021,11974,13785,2085.14,0
United States,Jun 11 2021,13728,14139,2123.43,0
United States,Jun 10 2021,16238,14801,2157.14,1
United States,Jun 9 2021,19189,15170,2198.57,464
United States,Jun 8 2021,14390,14823,2260.86,0
United States,Jun 7 2021,10212,14087,2251.71,0
United States,Jun 6 2021,10769,13916,2292,0
United States,Jun 5 2021,14451,14044,2337,0
United States,Jun 4 2021,18360,14205,2379.29,0
United States,Jun 3 2021,18823,14487,2432.71,0
United States,Jun 2 2021,16757,14905,2506.43,0
United States,Jun 1 2021,9242,15884,2562.29,0
United States,May 31 2021,9010,18017,2700.29,1
United States,May 30 2021,11669,19003,2786.71,0
United States,May 29 2021,15575,19494,2864.71,0
United States,May 28 2021,20334,20346,2955.71,0
United States,May 27 2021,21753,21412,3024.86,0
United States,May 26 2021,23605,22227,3059.57,0
United States,May 25 2021,24174,22876,3132.29,0
United States,May 24 2021,15911,23529,3181,0
United States,May 23 2021,15108,24098,3208.86,0
United States,May 22 2021,21539,24867,3235,0
United States,May 21 2021,27794,25863,3279.57,0
United States,May 20 2021,27463,26672,3341.14,0
United States,May 19 2021,28149,27835,3413.86,0
United States,May 18 2021,28743,28869,3472,0
United States,May 17 2021,19893,29699,3548.43,0
United States,May 16 2021,20494,30404,3631.86,0
United States,May 15 2021,28507,31234,3698.14,42
United States,May 14 2021,33461,32279,3788.43,0
United States,May 13 2021,35601,33738,3878.29,0
United States,May 12 2021,35386,34798,3964.86,0
United States,May 11 2021,34552,36255,4047.71,0
United States,May 10 2021,24833,37673,4143.43,0
United States,May 9 2021,26301,38914,4236.86,0
United States,May 8 2021,35825,40213,4321,0
United States,May 7 2021,43673,41844,4374.43,0
United States,May 6 2021,43022,43454,4467.71,0
United States,May 5 2021,45579,45397,4554.43,0
United States,May 4 2021,44480,46900,4625.86,0
United States,May 3 2021,33519,48034,4699.71,0
United States,May 2 2021,35399,48913,4733.57,0
United States,May 1 2021,47238,49524,4803.57,0
United States,Apr 30 2021,54945,50168,4882.86,0
United States,Apr 29 2021,56625,51441,4917.14,0
United States,Apr 28 2021,56094,52061,4983.43,0
United States,Apr 27 2021,52418,53255,5069.57,0
United States,Apr 26 2021,39675,54517,5143.14,-9005
United States,Apr 25 2021,39675,53827,5228.86,0
United States,Apr 24 2021,51749,54990,5324.14,0
United States,Apr 23 2021,63851,58117,5435.71,0
United States,Apr 22 2021,60969,59107,5536.14,0
United States,Apr 21 2021,64451,61048,5580.71,0
United States,Apr 20 2021,61255,62331,5607.29,0
United States,Apr 19 2021,34843,64253,5625.14,0
United States,Apr 18 2021,47813,67966,5627.86,0
United States,Apr 17 2021,73643,68281,5623.43,0
United States,Apr 16 2021,70775,67170,5582.57,0
United States,Apr 15 2021,74560,68380,5551.14,0
United States,Apr 14 2021,73429,68564,5544,0
United States,Apr 13 2021,74709,69403,5538.29,0
United States,Apr 12 2021,60834,68237,5554.57,0
United States,Apr 11 2021,50023,67678,5521.86,0
United States,Apr 10 2021,65864,66825,5467.43,0
United States,Apr 9 2021,79245,66302,5427.14,72
United States,Apr 8 2021,75850,64897,5367.43,0
United States,Apr 7 2021,79302,64601,5318.57,0
United States,Apr 6 2021,66541,63655,5243.14,0
United States,Apr 5 2021,56927,63227,5151.86,0
United States,Apr 4 2021,44051,63316,5094.86,0
United States,Apr 3 2021,62201,64392,5070.86,0
United States,Apr 2 2021,69411,64376,5032.71,0
United States,Apr 1 2021,73774,65433,5003.86,0
United States,Mar 31 2021,72681,64372,4987.43,0
United States,Mar 30 2021,63546,63791,4974.86,0
United States,Mar 29 2021,57552,63190,4953.71,0
United States,Mar 28 2021,51584,61988,4916.29,0
United States,Mar 27 2021,62086,60819,4841,0
United States,Mar 26 2021,76808,59996,4814.29,0
United States,Mar 25 2021,66351,57783,4777,0
United States,Mar 24 2021,68611,57268,4728.14,0
United States,Mar 23 2021,59338,56347,4688.29,0
United States,Mar 22 2021,49143,55614,4645.57,0
United States,Mar 21 2021,43396,54792,4640.14,0
United States,Mar 20 2021,56327,54596,4637.86,0
United States,Mar 19 2021,61317,54035,4617.29,0
United States,Mar 18 2021,62744,54156,4665.43,0
United States,Mar 17 2021,62166,53701,4668.14,0
United States,Mar 16 2021,54208,53195,4704.57,0
United States,Mar 15 2021,43387,53191,4723.29,0
United States,Mar 14 2021,42024,53037,4739.57,0
United States,Mar 13 2021,52404,53014,4768,0
United States,Mar 12 2021,62162,53447,4811.86,0
United States,Mar 11 2021,59557,53432,4819.14,0
United States,Mar 10 2021,58629,54152,4882.14,0
United States,Mar 9 2021,54178,55161,4911.29,891
United States,Mar 8 2021,42306,55222,4955,0
United States,Mar 7 2021,41863,56411,4991.86,0
United States,Mar 6 2021,55436,57422,5065.57,0
United States,Mar 5 2021,62057,58912,5127.43,0
United States,Mar 4 2021,64599,60218,5178.57,0
United States,Mar 3 2021,65691,60963,5282.29,0
United States,Mar 2 2021,54607,61915,5454,0
United States,Mar 1 2021,50629,64343,5640.14,0
United States,Feb 28 2021,48935,64992,5801.86,0
United States,Feb 27 2021,65870,65435,5934.57,0
United States,Feb 26 2021,71199,65183,6109.29,0
United States,Feb 25 2021,69813,65004,6257.71,0
United States,Feb 24 2021,72357,64957,6366.86,0
United States,Feb 23 2021,71600,64144,6461.14,0
United States,Feb 22 2021,55172,62034,6500.71,0
United States,Feb 21 2021,52038,62082,6527.57,0
United States,Feb 20 2021,64108,63538,6560.29,0
United States,Feb 19 2021,69944,65925,6680.57,0
United States,Feb 18 2021,69484,69433,6852.86,0
United States,Feb 17 2021,66665,73426,7050.43,0
United States,Feb 16 2021,56832,78237,7246.43,0
United States,Feb 15 2021,55508,83320,7544.14,0
United States,Feb 14 2021,62226,86691,7788.43,0
United States,Feb 13 2021,80818,89510,8078.29,0
United States,Feb 12 2021,94499,93098,8393.14,0
United States,Feb 11 2021,97439,97005,8704.57,0
United States,Feb 10 2021,100338,100675,9029.43,0
United States,Feb 9 2021,92414,102987,9295.14,0
United States,Feb 8 2021,79107,106269,9515.71,0
United States,Feb 7 2021,81955,112563,9751.29,0
United States,Feb 6 2021,105937,115459,9954.57,0
United States,Feb 5 2021,121851,119206,10133.29,0
United States,Feb 4 2021,123127,124610,10285.43,0
United States,Feb 3 2021,116522,129541,10512.14,0
United States,Feb 2 2021,115387,136343,10788.71,0
United States,Feb 1 2021,123163,140838,11154.43,0
United States,Jan 31 2021,102227,140643,11355.57,0
United States,Jan 30 2021,132170,145286,11609,0
United States,Jan 29 2021,159674,149758,11917.43,0
United States,Jan 28 2021,157645,154209,12332.86,0
United States,Jan 27 2021,164141,159877,12556.71,0
United States,Jan 26 2021,146852,164087,12768.57,0
United States,Jan 25 2021,121798,164152,12945.86,0
United States,Jan 24 2021,134722,166886,13261.29,0
United States,Jan 23 2021,163480,170948,13532.57,0
United States,Jan 22 2021,190829,176892,13841.71,0
United States,Jan 21 2021,197321,182433,14115.29,0
United States,Jan 20 2021,193607,186858,14434.29,0
United States,Jan 19 2021,147309,193537,14753.43,584
United States,Jan 18 2021,140937,202527,15050,0
United States,Jan 17 2021,163158,209691,15208.86,0
United States,Jan 16 2021,205083,216045,15366.14,0
United States,Jan 15 2021,229621,221816,15533.86,0
United States,Jan 14 2021,228294,230912,15636.14,0
United States,Jan 13 2021,240359,239528,15758.43,0
United States,Jan 12 2021,210238,247387,15941.14,0
United States,Jan 11 2021,191087,252729,16153,0
United States,Jan 10 2021,207635,253690,16297.43,0
United States,Jan 9 2021,245483,249628,16489.29,0
United States,Jan 8 2021,293294,243534,16258.86,0
United States,Jan 7 2021,288600,232624,16127.86,0
United States,Jan 6 2021,295378,231209,16082,0
United States,Jan 5 2021,247629,228477,15956.57,0
United States,Jan 4 2021,197812,225007,15740,0
United States,Jan 3 2021,179203,223533,15695.57,0
United States,Jan 2 2021,202828,215015,15591,0
United States,Jan 1 2021,216919,205985,15338.29,0
United States,Dec 31 2020,278700,197339,15113.29,0
United States,Dec 30 2020,276253,188688,14973,0
United States,Dec 29 2020,223338,183973,14915.43,0
United States,Dec 28 2020,187494,180222,14926.29,0
United States,Dec 27 2020,119574,177857,14825.86,0
United States,Dec 26 2020,139623,186385,14645.29,0
United States,Dec 25 2020,156392,195586,14893,0
United States,Dec 24 2020,218146,207524,15006.14,0
United States,Dec 23 2020,243247,211091,14928.29,0
United States,Dec 22 2020,197080,210420,14800.86,0
United States,Dec 21 2020,170939,210607,14719.71,0
United States,Dec 20 2020,179273,213463,14639.86,0
United States,Dec 19 2020,204031,214294,14582.43,0
United States,Dec 18 2020,239957,217114,14575.43,0
United States,Dec 17 2020,243115,219128,14582.57,0
United States,Dec 16 2020,238545,216501,14592.86,0
United States,Dec 15 2020,198393,215794,14534.29,0
United States,Dec 14 2020,190931,220362,14345.14,0
United States,Dec 13 2020,185090,219613,14230.29,0
United States,Dec 12 2020,223771,218576,14097.14,0
United States,Dec 11 2020,254057,217120,13937.14,0
United States,Dec 10 2020,224721,215265,13767.29,0
United States,Dec 9 2020,233595,217621,13578.43,0
United States,Dec 8 2020,230374,216853,13424.57,0
United States,Dec 7 2020,185688,213618,13380,0
United States,Dec 6 2020,177831,209815,13298.57,0
United States,Dec 5 2020,213579,204796,13294,0
United States,Dec 4 2020,241069,194466,13182,0
United States,Dec 3 2020,241214,183939,12763.29,0
United States,Dec 2 2020,228220,171456,12595.14,0
United States,Dec 1 2020,207727,167922,12492.29,0
United States,Nov 30 2020,159070,164176,12339,0
United States,Nov 29 2020,142695,164707,12203.57,0
United States,Nov 28 2020,141271,166267,12000.29,0
United States,Nov 27 2020,167379,171222,11858.43,0
United States,Nov 26 2020,153832,175913,12050.57,0
United States,Nov 25 2020,203482,182183,11966.43,0
United States,Nov 24 2020,181505,179685,11807.57,0
United States,Nov 23 2020,162789,178610,11636.29,0
United States,Nov 22 2020,153614,176957,11522.86,0
United States,Nov 21 2020,175959,174822,11392.29,0
United States,Nov 20 2020,200214,173390,11196,0
United States,Nov 19 2020,197718,171203,10949.71,0
United States,Nov 18 2020,185997,167096,10726.86,0
United States,Nov 17 2020,173982,163682,10484.57,0
United States,Nov 16 2020,151216,161034,10227.86,0
United States,Nov 15 2020,138670,157254,9974.29,0
United States,Nov 14 2020,165933,153084,9706.43,0
United States,Nov 13 2020,184907,148211,9439.71,0
United States,Nov 12 2020,168971,141834,9167,0
United States,Nov 11 2020,162098,136248,8858.57,0
United States,Nov 10 2020,155449,130327,8517,0
United States,Nov 9 2020,124754,123064,8161.29,0
United States,Nov 8 2020,109476,117727,7907.14,0
United States,Nov 7 2020,131828,112905,7647.86,0
United States,Nov 6 2020,140268,107325,7376.14,0
United States,Nov 5 2020,129867,101426,7188.29,0
United States,Nov 4 2020,120649,96236,7022.29,0
United States,Nov 3 2020,104611,91530,6886.43,0
United States,Nov 2 2020,87393,88004,6699.43,0
United States,Nov 1 2020,75723,85479,6513.57,67475
United States,Oct 31 2020,92766,83551,6379.29,0
United States,Oct 30 2020,98975,80875,6287.86,0
United States,Oct 29 2020,93536,78218,6107.29,0
United States,Oct 28 2020,87712,75797,5972,0
United States,Oct 27 2020,79924,73703,5832.14,0
United States,Oct 26 2020,69719,71084,5777.71,0
United States,Oct 25 2020,62229,69804,5721.29,0
United States,Oct 24 2020,74036,67686,5682.29,0
United States,Oct 23 2020,80376,65040,5576.29,0
United States,Oct 22 2020,76586,63736,5498.71,0
United States,Oct 21 2020,73056,61969,5365,0
United States,Oct 20 2020,61592,60350,5269.29,0
United States,Oct 19 2020,60753,59421,5148.71,0
United States,Oct 18 2020,47407,57455,5067.43,0
United States,Oct 17 2020,55515,56863,4983.29,0
United States,Oct 16 2020,71248,56681,4875,0
United States,Oct 15 2020,64214,54966,4757.43,0
United States,Oct 14 2020,61725,53817,4685.71,0
United States,Oct 13 2020,55088,53253,4609.57,0
United States,Oct 12 2020,46992,51748,4601.86,0
United States,Oct 11 2020,43259,50875,4601.29,0
United States,Oct 10 2020,54243,49524,4471.86,0
United States,Oct 9 2020,59241,48851,4396.57,0
United States,Oct 8 2020,56171,47743,4276.71,0
United States,Oct 7 2020,57777,46639,4181.14,0
United States,Oct 6 2020,44557,45276,4070.86,0
United States,Oct 5 2020,40883,44814,3895.86,0
United States,Oct 4 2020,33798,44487,3768.43,0
United States,Oct 3 2020,49534,44359,3725.57,0
United States,Oct 2 2020,51484,43071,3656.71,0
United States,Oct 1 2020,48445,42931,3619.57,0
United States,Sep 30 2020,48233,42622,3556.29,0
United States,Sep 29 2020,41326,41972,3518.71,0
United States,Sep 28 2020,38595,43482,3469.43,0
United States,Sep 27 2020,32898,43799,3401.86,0
United States,Sep 26 2020,40518,43586,3370.43,0
United States,Sep 25 2020,50504,43627,3326,0
United States,Sep 24 2020,46286,43234,3309,0
United States,Sep 23 2020,43677,43231,3302.14,0
United States,Sep 22 2020,51899,43558,3264.29,0
United States,Sep 21 2020,40814,41643,3288.14,0
United States,Sep 20 2020,31409,40654,3265.71,0
United States,Sep 19 2020,40803,40484,3282.43,0
United States,Sep 18 2020,47751,40276,3288.57,0
United States,Sep 17 2020,46269,39852,3342.43,0
United States,Sep 16 2020,45962,39104,3400,0
United States,Sep 15 2020,38498,38135,3479.86,0
United States,Sep 14 2020,33892,36676,3451.14,0
United States,Sep 13 2020,30218,35208,3491,0
United States,Sep 12 2020,39343,35150,3498.43,0
United States,Sep 11 2020,44783,35323,3535.43,0
United States,Sep 10 2020,41038,36037,3554.43,0
United States,Sep 9 2020,39175,36676,3540.57,0
United States,Sep 8 2020,28287,37365,3554.57,0
United States,Sep 7 2020,23614,38960,3614.86,0
United States,Sep 6 2020,29815,40866,3700.57,0
United States,Sep 5 2020,40550,41270,3782.43,0
United States,Sep 4 2020,49781,41243,3897.71,0
United States,Sep 3 2020,45514,40529,3988.71,0
United States,Sep 2 2020,43996,40882,4035.71,1705
United States,Sep 1 2020,39456,41402,4065.86,0
United States,Aug 31 2020,36953,41569,4102.71,0
United States,Aug 30 2020,32644,41311,4061.29,0
United States,Aug 29 2020,40357,41294,4028.43,0
United States,Aug 28 2020,44785,41342,4015.29,0
United States,Aug 27 2020,47989,41491,3927,0
United States,Aug 26 2020,47634,41274,3963.14,0
United States,Aug 25 2020,40621,41278,3952.43,0
United States,Aug 24 2020,35151,41419,4001.57,0
United States,Aug 23 2020,32523,41821,4138.57,0
United States,Aug 22 2020,40692,42481,4203.86,0
United States,Aug 21 2020,45833,42972,4215.86,0
United States,Aug 20 2020,46470,44008,4322.43,0
United States,Aug 19 2020,47662,44820,4336.14,0
United States,Aug 18 2020,41605,45407,4361.29,0
United States,Aug 17 2020,37963,46929,4368.43,0
United States,Aug 16 2020,37143,47314,4288.43,0
United States,Aug 15 2020,44134,47904,4273.14,0
United States,Aug 14 2020,53084,48762,4267,0
United States,Aug 13 2020,52150,49587,4275.86,0
United States,Aug 12 2020,51775,50333,4318.71,0
United States,Aug 11 2020,52255,51395,4374.57,0
United States,Aug 10 2020,40661,51520,4404.29,0
United States,Aug 9 2020,41269,52158,4466.14,0
United States,Aug 8 2020,50146,53016,4521,0
United States,Aug 7 2020,58854,53877,4684.43,0
United States,Aug 6 2020,57374,54926,4680.67,0
United States,Aug 5 2020,59210,56123,4677.6,0
United States,Aug 4 2020,53129,57102,4678.25,0
United States,Aug 3 2020,45124,57931,4622.67,0
United States,Aug 2 2020,47278,58745,4765,0
United States,Aug 1 2020,56175,59798,5409,0
United States,Jul 31 2020,66197,60098,null,0
United States,Jul 30 2020,65754,61012,null,0
United States,Jul 29 2020,66059,61914,null,0
United States,Jul 28 2020,58930,62579,null,0
United States,Jul 27 2020,50828,63160,null,0
United States,Jul 26 2020,54647,64406,null,0
United States,Jul 25 2020,58276,64894,null,0
United States,Jul 24 2020,72592,66410,null,0
United States,Jul 23 2020,72072,67218,null,0
United States,Jul 22 2020,70709,67557,null,0
United States,Jul 21 2020,62997,68118,null,0
United States,Jul 20 2020,59554,68522,null,0
United States,Jul 19 2020,58064,67845,null,0
United States,Jul 18 2020,68883,68163,null,0
United States,Jul 17 2020,78252,68473,null,0
United States,Jul 16 2020,74445,67963,null,0
United States,Jul 15 2020,74637,67424,null,0
United States,Jul 14 2020,65821,66512,null,0
United States,Jul 13 2020,54815,65833,null,0
United States,Jul 12 2020,60288,64562,null,0
United States,Jul 11 2020,71059,61870,null,0
United States,Jul 10 2020,74680,59313,null,0
United States,Jul 9 2020,70668,57758,null,0
United States,Jul 8 2020,68253,56198,null,0
United States,Jul 7 2020,61068,55304,null,0
United States,Jul 6 2020,45922,53420,null,0
United States,Jul 5 2020,41446,52455,null,0
United States,Jul 4 2020,53155,52584,null,0
United States,Jul 3 2020,63800,51878,null,0
United States,Jul 2 2020,59743,50266,null,0
United States,Jul 1 2020,61994,49278,null,0
United States,Jun 30 2020,47880,46288,null,0
United States,Jun 29 2020,39173,45043,null,0
United States,Jun 28 2020,42344,43729,null,0
United States,Jun 27 2020,48214,41890,null,0
United States,Jun 26 2020,52520,40262,null,0
United States,Jun 25 2020,52827,37918,null,0
United States,Jun 24 2020,41062,34973,null,0
United States,Jun 23 2020,39165,33331,null,0
United States,Jun 22 2020,29976,31612,null,0
United States,Jun 21 2020,29472,30392,null,0
United States,Jun 20 2020,36813,29150,null,0
United States,Jun 19 2020,36111,27581,null,0
United States,Jun 18 2020,32216,26679,null,0
United States,Jun 17 2020,29567,25555,null,0
United States,Jun 16 2020,27130,24847,null,0
United States,Jun 15 2020,21437,23782,null,0
United States,Jun 14 2020,20782,23262,null,0
United States,Jun 13 2020,25824,22877,null,0
United States,Jun 12 2020,29800,22587,null,0
United States,Jun 11 2020,24348,21938,null,0
United States,Jun 10 2020,24611,21790,null,0
United States,Jun 9 2020,19675,21564,null,0
United States,Jun 8 2020,17798,21806,null,0
United States,Jun 7 2020,18084,21658,null,0
United States,Jun 6 2020,23795,22007,null,0
United States,Jun 5 2020,25260,22080,null,0
United States,Jun 4 2020,23310,22017,null,0
United States,Jun 3 2020,23027,22403,null,0
United States,Jun 2 2020,21372,22232,null,0
United States,Jun 1 2020,16763,21411,null,0
United States,May 31 2020,20524,21651,null,0
United States,May 30 2020,24305,21803,null,0
United States,May 29 2020,24820,21333,null,0
United States,May 28 2020,26011,21601,null,0
United States,May 27 2020,21834,21636,null,0
United States,May 26 2020,15624,22189,null,0
United States,May 25 2020,18444,23056,null,0
United States,May 24 2020,21584,23923,null,0
United States,May 23 2020,21014,23610,null,0
United States,May 22 2020,26701,24329,null,0
United States,May 21 2020,26255,24482,null,0
United States,May 20 2020,25704,25012,null,0
United States,May 19 2020,21693,24712,null,0
United States,May 18 2020,24512,25125,null,0
United States,May 17 2020,19394,24408,null,0
United States,May 16 2020,26048,24680,null,0
United States,May 15 2020,27770,24690,null,0
United States,May 14 2020,29967,24843,null,0
United States,May 13 2020,23601,25114,null,0
United States,May 12 2020,24587,25243,null,0
United States,May 11 2020,19491,25080,null,0
United States,May 10 2020,21302,25319,null,0
United States,May 9 2020,26112,26318,null,0
United States,May 8 2020,28842,26580,null,0
United States,May 7 2020,31863,26769,null,0
United States,May 6 2020,24510,26859,null,0
United States,May 5 2020,23441,27486,null,0
United States,May 4 2020,21163,27515,null,0
United States,May 3 2020,28299,27950,null,0
United States,May 2 2020,27942,27905,null,0
United States,May 1 2020,30165,28696,null,0
United States,Apr 30 2020,32499,29239,null,0
United States,Apr 29 2020,28893,29259,null,0
United States,Apr 28 2020,23649,29607,null,0
United States,Apr 27 2020,24206,29804,null,0
United States,Apr 26 2020,27985,30084,null,0
United States,Apr 25 2020,33479,30087,null,0
United States,Apr 24 2020,33963,29270,null,0
United States,Apr 23 2020,32640,28748,null,0
United States,Apr 22 2020,31332,28613,null,0
United States,Apr 21 2020,25026,27816,null,0
United States,Apr 20 2020,26169,27883,null,0
United States,Apr 19 2020,28002,27741,null,0
United States,Apr 18 2020,27762,27679,null,0
United States,Apr 17 2020,30307,28345,null,0
United States,Apr 16 2020,31695,28616,null,0
United States,Apr 15 2020,25752,29073,null,0
United States,Apr 14 2020,25500,30197,null,0
United States,Apr 13 2020,25171,30854,null,0
United States,Apr 12 2020,27572,31341,null,0
United States,Apr 11 2020,32423,31307,null,0
United States,Apr 10 2020,32205,31321,null,0
United States,Apr 9 2020,34893,31254,null,0
United States,Apr 8 2020,33616,30582,null,0
United States,Apr 7 2020,30104,29875,null,0
United States,Apr 6 2020,28577,28878,null,0
United States,Apr 5 2020,27335,27902,null,0
United States,Apr 4 2020,32523,27053,null,0
United States,Apr 3 2020,31733,25382,null,0
United States,Apr 2 2020,30189,23805,null,0
United States,Apr 1 2020,28667,22263,null,0
United States,Mar 31 2020,23128,20290,null,0
United States,Mar 30 2020,21742,18739,null,0
United States,Mar 29 2020,21390,17262,null,0
United States,Mar 28 2020,20828,15869,null,0
United States,Mar 27 2020,20694,14330,null,0
United States,Mar 26 2020,19394,12557,null,0
United States,Mar 25 2020,14857,10817,null,0
United States,Mar 24 2020,12272,9565,null,0
United States,Mar 23 2020,11399,8390,null,0
United States,Mar 22 2020,11640,7182,null,0
United States,Mar 21 2020,10058,5920,null,0
United States,Mar 20 2020,8282,4748,null,0
United States,Mar 19 2020,7215,3760,null,0
United States,Mar 18 2020,6092,2893,null,0
United States,Mar 17 2020,4048,2144,null,0
United States,Mar 16 2020,2939,1663,null,0
United States,Mar 15 2020,2809,1328,null,0
United States,Mar 14 2020,1853,977,null,0
United States,Mar 13 2020,1367,750,null,0
United States,Mar 12 2020,1144,586,null,0
United States,Mar 11 2020,853,446,null,0
United States,Mar 10 2020,676,345,null,0
United States,Mar 9 2020,596,272,null,0
United States,Mar 8 2020,355,198,null,0
United States,Mar 7 2020,262,160,null,0
United States,Mar 6 2020,218,128,null,0
United States,Mar 5 2020,165,104,null,0
United States,Mar 4 2020,143,85,null,0
United States,Mar 3 2020,171,71,null,0
United States,Mar 2 2020,78,50,null,0
United States,Mar 1 2020,86,42,null,0
United States,Feb 29 2020,36,33,null,0
United States,Feb 28 2020,51,31,null,0
United States,Feb 27 2020,35,26,null,0
United States,Feb 26 2020,44,23,null,0
United States,Feb 25 2020,24,20,null,0
United States,Feb 24 2020,19,17,null,0
United States,Feb 23 2020,23,17,null,0
United States,Feb 22 2020,26,16,null,0
United States,Feb 21 2020,17,13,null,0
United States,Feb 20 2020,14,11,null,0
United States,Feb 19 2020,17,10,null,0
United States,Feb 18 2020,7,9,null,0
United States,Feb 17 2020,18,9,null,0
United States,Feb 16 2020,13,8,null,0
United States,Feb 15 2020,5,10,null,0
United States,Feb 14 2020,6,11,null,0
United States,Feb 13 2020,6,11,null,0
United States,Feb 12 2020,8,10,null,0
United States,Feb 11 2020,9,10,null,0
United States,Feb 10 2020,9,9,null,0
United States,Feb 9 2020,33,12,null,0
United States,Feb 8 2020,8,7,null,0
United States,Feb 7 2020,5,7,null,0
United States,Feb 6 2020,2,6,null,0
United States,Feb 5 2020,5,6,null,0
United States,Feb 4 2020,7,5,null,0
United States,Feb 3 2020,26,4,null,476
United States,Feb 2 2020,0,1,null,0
United States,Feb 1 2020,4,1,null,0
United States,Jan 31 2020,3,1,null,0
United States,Jan 30 2020,0,0,null,0
United States,Jan 29 2020,0,0,null,0
United States,Jan 28 2020,1,1,null,0
United States,Jan 27 2020,0,1,null,0
United States,Jan 26 2020,3,1,null,0
United States,Jan 25 2020,0,1,null,0
United States,Jan 24 2020,1,1,null,0
United States,Jan 23 2020,1,1,null,0